File,RelativePath,Folder,Date,Time,ImageQuality,DeleteFlag,Tagger,Species1,NumIndividual1,Species2,NumIndividual2,Notes,HumanType,ImageIssue,IllegalAct,UNID,SavePic,CameraNumber,Property,
IMG_0001.JPG,,6.17.20 to 8.7.20,17-Jun-2020,08:46:54,Ok,false,JFaber,human,1,,0,,setup,,false,false,false,11,BCHER,
IMG_0002.JPG,,6.17.20 to 8.7.20,17-Jun-2020,08:46:55,Ok,false,JFaber,human,0,,0,,,,false,false,false,11,BCHER,
IMG_0003.JPG,,6.17.20 to 8.7.20,17-Jun-2020,08:46:56,Ok,false,JFaber,human,0,,0,,,,false,false,false,11,BCHER,
IMG_0004.JPG,,6.17.20 to 8.7.20,17-Jun-2020,08:47:00,Ok,false,JFaber,human,0,,0,,,,false,false,false,11,BCHER,
IMG_0005.JPG,,6.17.20 to 8.7.20,17-Jun-2020,08:47:02,Ok,false,JFaber,human,0,,0,,,,false,false,false,11,BCHER,
IMG_0006.JPG,,6.17.20 to 8.7.20,17-Jun-2020,08:47:03,Ok,false,JFaber,human,0,,0,,,,false,false,false,11,BCHER,
IMG_0007.JPG,,6.17.20 to 8.7.20,17-Jun-2020,08:47:04,Ok,false,JFaber,human,0,,0,,,,false,false,false,11,BCHER,
IMG_0008.JPG,,6.17.20 to 8.7.20,17-Jun-2020,08:47:06,Ok,false,JFaber,human,0,,0,,,,false,false,false,11,BCHER,
IMG_0009.JPG,,6.17.20 to 8.7.20,17-Jun-2020,08:47:07,Ok,false,JFaber,human,0,,0,,,,false,false,false,11,BCHER,
IMG_0010.JPG,,6.17.20 to 8.7.20,17-Jun-2020,08:47:22,Ok,false,JFaber,human,0,,0,,,,false,false,false,11,BCHER,
IMG_0011.JPG,,6.17.20 to 8.7.20,17-Jun-2020,08:47:24,Ok,false,JFaber,human,0,,0,,,,false,false,false,11,BCHER,
IMG_0012.JPG,,6.17.20 to 8.7.20,17-Jun-2020,08:47:25,Ok,false,JFaber,human,0,,0,,,,false,false,false,11,BCHER,
IMG_0013.JPG,,6.17.20 to 8.7.20,17-Jun-2020,08:47:30,Ok,false,JFaber,human,0,,0,,,,false,false,false,11,BCHER,
IMG_0014.JPG,,6.17.20 to 8.7.20,17-Jun-2020,08:47:32,Ok,false,JFaber,human,0,,0,,,,false,false,false,11,BCHER,
IMG_0015.JPG,,6.17.20 to 8.7.20,17-Jun-2020,08:47:33,Ok,false,JFaber,human,0,,0,,,,false,false,false,11,BCHER,
IMG_0016.JPG,,6.17.20 to 8.7.20,17-Jun-2020,08:47:37,Ok,false,JFaber,human,0,,0,,,,false,false,false,11,BCHER,
IMG_0017.JPG,,6.17.20 to 8.7.20,17-Jun-2020,08:47:38,Ok,false,JFaber,human,0,,0,,,,false,false,false,11,BCHER,
IMG_0018.JPG,,6.17.20 to 8.7.20,17-Jun-2020,08:47:39,Ok,false,JFaber,human,0,,0,,,,false,false,false,11,BCHER,
IMG_0019.JPG,,6.17.20 to 8.7.20,17-Jun-2020,08:47:40,Ok,false,JFaber,human,0,,0,,,,false,false,false,11,BCHER,
IMG_0020.JPG,,6.17.20 to 8.7.20,17-Jun-2020,08:47:44,Ok,false,JFaber,human,0,,0,,,,false,false,false,11,BCHER,
IMG_0021.JPG,,6.17.20 to 8.7.20,17-Jun-2020,08:47:45,Ok,false,JFaber,human,0,,0,,,,false,false,false,11,BCHER,
IMG_0022.JPG,,6.17.20 to 8.7.20,17-Jun-2020,08:47:47,Ok,false,JFaber,human,0,,0,,,,false,false,false,11,BCHER,
IMG_0023.JPG,,6.17.20 to 8.7.20,17-Jun-2020,08:47:49,Ok,false,JFaber,human,0,,0,,,,false,false,false,11,BCHER,
IMG_0024.JPG,,6.17.20 to 8.7.20,17-Jun-2020,08:47:50,Ok,false,JFaber,human,0,,0,,,,false,false,false,11,BCHER,
IMG_0025.JPG,,6.17.20 to 8.7.20,17-Jun-2020,08:47:51,Ok,false,JFaber,human,0,,0,,,,false,false,false,11,BCHER,
IMG_0026.JPG,,6.17.20 to 8.7.20,17-Jun-2020,08:47:54,Ok,false,JFaber,human,0,,0,,,,false,false,false,11,BCHER,
IMG_0027.JPG,,6.17.20 to 8.7.20,17-Jun-2020,08:47:55,Ok,false,JFaber,human,0,,0,,,,false,false,false,11,BCHER,
IMG_0028.JPG,,6.17.20 to 8.7.20,17-Jun-2020,08:47:56,Ok,false,JFaber,human,0,,0,,,,false,false,false,11,BCHER,
IMG_0029.JPG,,6.17.20 to 8.7.20,17-Jun-2020,08:47:58,Ok,false,JFaber,human,0,,0,,,,false,false,false,11,BCHER,
IMG_0030.JPG,,6.17.20 to 8.7.20,17-Jun-2020,08:47:59,Ok,false,JFaber,human,0,,0,,,,false,false,false,11,BCHER,
IMG_0031.JPG,,6.17.20 to 8.7.20,17-Jun-2020,08:48:00,Ok,false,JFaber,human,0,,0,,,,false,false,false,11,BCHER,
IMG_0032.JPG,,6.17.20 to 8.7.20,17-Jun-2020,08:48:02,Ok,false,JFaber,human,0,,0,,,,false,false,false,11,BCHER,
IMG_0033.JPG,,6.17.20 to 8.7.20,17-Jun-2020,08:48:03,Ok,false,JFaber,human,0,,0,,,,false,false,false,11,BCHER,
IMG_0034.JPG,,6.17.20 to 8.7.20,17-Jun-2020,08:48:09,Ok,false,JFaber,human,0,,0,,,,false,false,false,11,BCHER,
IMG_0035.JPG,,6.17.20 to 8.7.20,17-Jun-2020,08:48:10,Ok,false,JFaber,human,0,,0,,,,false,false,false,11,BCHER,
IMG_0036.JPG,,6.17.20 to 8.7.20,17-Jun-2020,08:48:11,Ok,false,JFaber,human,0,,0,,,,false,false,false,11,BCHER,
IMG_0037.JPG,,6.17.20 to 8.7.20,17-Jun-2020,08:48:18,Ok,false,JFaber,human,0,,0,,,,false,false,false,11,BCHER,
IMG_0038.JPG,,6.17.20 to 8.7.20,17-Jun-2020,08:48:19,Ok,false,JFaber,human,0,,0,,,,false,false,false,11,BCHER,
IMG_0039.JPG,,6.17.20 to 8.7.20,17-Jun-2020,08:48:20,Ok,false,JFaber,human,0,,0,,,,false,false,false,11,BCHER,
IMG_0040.JPG,,6.17.20 to 8.7.20,17-Jun-2020,08:48:22,Ok,false,JFaber,human,0,,0,,,,false,false,false,11,BCHER,
IMG_0041.JPG,,6.17.20 to 8.7.20,17-Jun-2020,08:48:25,Ok,false,JFaber,human,0,,0,,,,false,false,false,11,BCHER,
IMG_0042.JPG,,6.17.20 to 8.7.20,17-Jun-2020,08:48:26,Ok,false,JFaber,human,0,,0,,,,false,false,false,11,BCHER,
IMG_0043.JPG,,6.17.20 to 8.7.20,17-Jun-2020,08:48:38,Ok,false,JFaber,human,0,,0,,,,false,false,false,11,BCHER,
IMG_0044.JPG,,6.17.20 to 8.7.20,17-Jun-2020,08:48:40,Ok,false,JFaber,human,0,,0,,,,false,false,false,11,BCHER,
IMG_0045.JPG,,6.17.20 to 8.7.20,17-Jun-2020,08:48:42,Ok,false,JFaber,human,0,,0,,,,false,false,false,11,BCHER,
IMG_0046.JPG,,6.17.20 to 8.7.20,17-Jun-2020,08:48:45,Ok,false,JFaber,human,0,,0,,,,false,false,false,11,BCHER,
IMG_0047.JPG,,6.17.20 to 8.7.20,17-Jun-2020,08:48:48,Ok,false,JFaber,human,0,,0,,,,false,false,false,11,BCHER,
IMG_0048.JPG,,6.17.20 to 8.7.20,17-Jun-2020,08:48:49,Ok,false,JFaber,human,0,,0,,,,false,false,false,11,BCHER,
IMG_0049.JPG,,6.17.20 to 8.7.20,17-Jun-2020,08:48:51,Ok,false,JFaber,human,0,,0,,,,false,false,false,11,BCHER,
IMG_0050.JPG,,6.17.20 to 8.7.20,17-Jun-2020,08:48:53,Ok,false,JFaber,human,0,,0,,,,false,false,false,11,BCHER,
IMG_0051.JPG,,6.17.20 to 8.7.20,17-Jun-2020,08:48:54,Ok,false,JFaber,human,0,,0,,,,false,false,false,11,BCHER,
IMG_0052.JPG,,6.17.20 to 8.7.20,17-Jun-2020,08:48:56,Ok,false,JFaber,human,0,,0,,,,false,false,false,11,BCHER,
IMG_0053.JPG,,6.17.20 to 8.7.20,17-Jun-2020,08:48:59,Ok,false,JFaber,human,0,,0,,,,false,false,false,11,BCHER,
IMG_0054.JPG,,6.17.20 to 8.7.20,17-Jun-2020,08:49:00,Ok,false,JFaber,human,0,,0,,,,false,false,false,11,BCHER,
IMG_0055.JPG,,6.17.20 to 8.7.20,17-Jun-2020,08:49:01,Ok,false,JFaber,human,0,,0,,,,false,false,false,11,BCHER,
IMG_0056.JPG,,6.17.20 to 8.7.20,17-Jun-2020,08:49:04,Ok,false,JFaber,human,0,,0,,,,false,false,false,11,BCHER,
IMG_0057.JPG,,6.17.20 to 8.7.20,17-Jun-2020,08:49:05,Ok,false,JFaber,human,0,,0,,,,false,false,false,11,BCHER,
IMG_0058.JPG,,6.17.20 to 8.7.20,17-Jun-2020,08:49:06,Ok,false,JFaber,human,0,,0,,,,false,false,false,11,BCHER,
IMG_0059.JPG,,6.17.20 to 8.7.20,17-Jun-2020,08:49:09,Ok,false,JFaber,human,0,,0,,,,false,false,false,11,BCHER,
IMG_0060.JPG,,6.17.20 to 8.7.20,17-Jun-2020,08:49:12,Ok,false,JFaber,human,0,,0,,,,false,false,false,11,BCHER,
IMG_0061.JPG,,6.17.20 to 8.7.20,17-Jun-2020,08:49:14,Ok,false,JFaber,human,0,,0,,,,false,false,false,11,BCHER,
IMG_0062.JPG,,6.17.20 to 8.7.20,17-Jun-2020,08:49:15,Ok,false,JFaber,human,0,,0,,,,false,false,false,11,BCHER,
IMG_0063.JPG,,6.17.20 to 8.7.20,17-Jun-2020,08:49:16,Ok,false,JFaber,human,0,,0,,,,false,false,false,11,BCHER,
IMG_0064.JPG,,6.17.20 to 8.7.20,17-Jun-2020,08:49:18,Ok,false,JFaber,human,0,,0,,,,false,false,false,11,BCHER,
IMG_0065.JPG,,6.17.20 to 8.7.20,17-Jun-2020,08:49:21,Ok,false,JFaber,human,0,,0,,,,false,false,false,11,BCHER,
IMG_0066.JPG,,6.17.20 to 8.7.20,17-Jun-2020,08:49:22,Ok,false,JFaber,human,0,,0,,,,false,false,false,11,BCHER,
IMG_0067.JPG,,6.17.20 to 8.7.20,17-Jun-2020,08:49:24,Ok,false,JFaber,human,0,,0,,,,false,false,false,11,BCHER,
IMG_0068.JPG,,6.17.20 to 8.7.20,17-Jun-2020,08:49:26,Ok,false,JFaber,human,0,,0,,,,false,false,false,11,BCHER,
IMG_0069.JPG,,6.17.20 to 8.7.20,17-Jun-2020,08:49:27,Ok,false,JFaber,human,0,,0,,,,false,false,false,11,BCHER,
IMG_0070.JPG,,6.17.20 to 8.7.20,17-Jun-2020,08:49:29,Ok,false,JFaber,human,0,,0,,,,false,false,false,11,BCHER,
IMG_0071.JPG,,6.17.20 to 8.7.20,17-Jun-2020,08:49:31,Ok,false,JFaber,human,0,,0,,,,false,false,false,11,BCHER,
IMG_0072.JPG,,6.17.20 to 8.7.20,17-Jun-2020,08:49:32,Ok,false,JFaber,human,0,,0,,,,false,false,false,11,BCHER,
IMG_0073.JPG,,6.17.20 to 8.7.20,17-Jun-2020,08:49:34,Ok,false,JFaber,human,0,,0,,,,false,false,false,11,BCHER,
IMG_0074.JPG,,6.17.20 to 8.7.20,17-Jun-2020,08:49:36,Ok,false,JFaber,human,0,,0,,,,false,false,false,11,BCHER,
IMG_0075.JPG,,6.17.20 to 8.7.20,17-Jun-2020,08:49:37,Ok,false,JFaber,human,0,,0,,,,false,false,false,11,BCHER,
IMG_0076.JPG,,6.17.20 to 8.7.20,17-Jun-2020,08:49:39,Ok,false,JFaber,human,0,,0,,,,false,false,false,11,BCHER,
IMG_0077.JPG,,6.17.20 to 8.7.20,17-Jun-2020,08:49:41,Ok,false,JFaber,human,0,,0,,,,false,false,false,11,BCHER,
IMG_0078.JPG,,6.17.20 to 8.7.20,17-Jun-2020,08:49:43,Ok,false,JFaber,human,0,,0,,,,false,false,false,11,BCHER,
IMG_0079.JPG,,6.17.20 to 8.7.20,17-Jun-2020,08:49:44,Ok,false,JFaber,human,0,,0,,,,false,false,false,11,BCHER,
IMG_0080.JPG,,6.17.20 to 8.7.20,17-Jun-2020,08:49:46,Ok,false,JFaber,human,0,,0,,,,false,false,false,11,BCHER,
IMG_0081.JPG,,6.17.20 to 8.7.20,17-Jun-2020,08:49:47,Ok,false,JFaber,human,0,,0,,,,false,false,false,11,BCHER,
IMG_0082.JPG,,6.17.20 to 8.7.20,17-Jun-2020,08:49:49,Ok,false,JFaber,human,0,,0,,,,false,false,false,11,BCHER,
IMG_0083.JPG,,6.17.20 to 8.7.20,17-Jun-2020,08:49:51,Ok,false,JFaber,human,0,,0,,,,false,false,false,11,BCHER,
IMG_0084.JPG,,6.17.20 to 8.7.20,17-Jun-2020,08:49:52,Ok,false,JFaber,human,0,,0,,,,false,false,false,11,BCHER,
IMG_0085.JPG,,6.17.20 to 8.7.20,17-Jun-2020,08:49:54,Ok,false,JFaber,human,0,,0,,,,false,false,false,11,BCHER,
IMG_0086.JPG,,6.17.20 to 8.7.20,17-Jun-2020,08:49:56,Ok,false,JFaber,human,0,,0,,,,false,false,false,11,BCHER,
IMG_0087.JPG,,6.17.20 to 8.7.20,17-Jun-2020,08:49:57,Ok,false,JFaber,human,0,,0,,,,false,false,false,11,BCHER,
IMG_0088.JPG,,6.17.20 to 8.7.20,17-Jun-2020,08:49:58,Ok,false,JFaber,human,0,,0,,,,false,false,false,11,BCHER,
IMG_0089.JPG,,6.17.20 to 8.7.20,17-Jun-2020,08:50:01,Ok,false,JFaber,human,0,,0,,,,false,false,false,11,BCHER,
IMG_0090.JPG,,6.17.20 to 8.7.20,17-Jun-2020,08:50:03,Ok,false,JFaber,human,0,,0,,,,false,false,false,11,BCHER,
IMG_0091.JPG,,6.17.20 to 8.7.20,17-Jun-2020,08:50:04,Ok,false,JFaber,human,0,,0,,,,false,false,false,11,BCHER,
IMG_0092.JPG,,6.17.20 to 8.7.20,17-Jun-2020,08:50:07,Ok,false,JFaber,human,0,,0,,,,false,false,false,11,BCHER,
IMG_0093.JPG,,6.17.20 to 8.7.20,17-Jun-2020,08:50:08,Ok,false,JFaber,human,1,,0,,setup,,false,false,false,11,BCHER,
IMG_0094.JPG,,6.17.20 to 8.7.20,17-Jun-2020,08:50:18,Ok,false,JFaber,human,0,,0,,setup,,false,false,false,11,BCHER,
IMG_0095.JPG,,6.17.20 to 8.7.20,17-Jun-2020,08:50:23,Ok,false,JFaber,human,0,,0,,setup,,false,false,false,11,BCHER,
IMG_0096.JPG,,6.17.20 to 8.7.20,17-Jun-2020,08:50:24,Ok,false,JFaber,,0,,0,,setup,,false,false,false,11,BCHER,
IMG_0097.JPG,,6.17.20 to 8.7.20,18-Jun-2020,09:19:51,Ok,false,JFaber,rodent,1,,0,marmont,,,false,false,false,11,BCHER,
IMG_0098.JPG,,6.17.20 to 8.7.20,18-Jun-2020,09:19:53,Ok,false,JFaber,rodent,1,,0,marmont,,,false,false,false,11,BCHER,
IMG_0099.JPG,,6.17.20 to 8.7.20,18-Jun-2020,09:19:54,Ok,false,JFaber,rodent,1,,0,marmont,,,false,false,false,11,BCHER,
IMG_0100.JPG,,6.17.20 to 8.7.20,18-Jun-2020,09:19:56,Ok,false,JFaber,rodent,1,,0,marmont,,,false,false,false,11,BCHER,
IMG_0101.JPG,,6.17.20 to 8.7.20,18-Jun-2020,09:19:59,Ok,false,JFaber,none,0,,0,,,,false,false,false,11,BCHER,
IMG_0102.JPG,,6.17.20 to 8.7.20,18-Jun-2020,09:20:00,Ok,false,JFaber,none,0,,0,,,,false,false,false,11,BCHER,
IMG_0103.JPG,,6.17.20 to 8.7.20,18-Jun-2020,18:03:20,Ok,false,JFaber,unknown,0,,0,flash of fur bottom left,,,false,false,false,11,BCHER,
IMG_0104.JPG,,6.17.20 to 8.7.20,18-Jun-2020,18:03:22,Ok,false,JFaber,,0,,0,,,,false,false,false,11,BCHER,
IMG_0105.JPG,,6.17.20 to 8.7.20,18-Jun-2020,18:03:23,Ok,false,JFaber,,0,,0,,,,false,false,false,11,BCHER,
IMG_0106.JPG,,6.17.20 to 8.7.20,19-Jun-2020,12:28:28,Ok,false,JFaber,,0,,0,,,,false,false,false,11,BCHER,
IMG_0107.JPG,,6.17.20 to 8.7.20,19-Jun-2020,12:28:31,Ok,false,JFaber,,0,,0,,,,false,false,false,11,BCHER,
IMG_0108.JPG,,6.17.20 to 8.7.20,19-Jun-2020,12:28:32,Ok,false,JFaber,,0,,0,,,,false,false,false,11,BCHER,
IMG_0109.JPG,,6.17.20 to 8.7.20,19-Jun-2020,16:03:56,Ok,false,JFaber,,0,,0,,,,false,false,false,11,BCHER,
IMG_0110.JPG,,6.17.20 to 8.7.20,19-Jun-2020,16:03:59,Ok,false,JFaber,,0,,0,,,,false,false,false,11,BCHER,
IMG_0111.JPG,,6.17.20 to 8.7.20,19-Jun-2020,16:04:00,Ok,false,JFaber,,0,,0,,,,false,false,false,11,BCHER,
IMG_0112.JPG,,6.17.20 to 8.7.20,19-Jun-2020,19:54:50,Ok,false,JFaber,mountain lion,1,,0,,,,false,false,false,11,BCHER,
IMG_0113.JPG,,6.17.20 to 8.7.20,19-Jun-2020,19:54:51,Ok,false,JFaber,mountain lion,1,,0,,,,false,false,false,11,BCHER,
IMG_0114.JPG,,6.17.20 to 8.7.20,19-Jun-2020,19:54:52,Ok,false,JFaber,mountain lion,1,,0,,,,false,false,false,11,BCHER,
IMG_0115.JPG,,6.17.20 to 8.7.20,19-Jun-2020,19:54:53,Ok,false,JFaber,mountain lion,1,,0,,,,false,false,false,11,BCHER,
IMG_0116.JPG,,6.17.20 to 8.7.20,19-Jun-2020,19:54:56,Ok,false,JFaber,mountain lion,1,,0,,,,false,false,false,11,BCHER,
IMG_0117.JPG,,6.17.20 to 8.7.20,19-Jun-2020,19:54:57,Ok,false,JFaber,mountain lion,1,,0,,,,false,false,false,11,BCHER,
IMG_0118.JPG,,6.17.20 to 8.7.20,21-Jun-2020,10:07:04,Ok,false,JFaber,rodent,1,,0,,,,false,false,false,11,BCHER,
IMG_0119.JPG,,6.17.20 to 8.7.20,21-Jun-2020,10:07:05,Ok,false,JFaber,rodent,1,,0,,,,false,false,false,11,BCHER,
IMG_0120.JPG,,6.17.20 to 8.7.20,21-Jun-2020,10:07:06,Ok,false,JFaber,,0,,0,,,,false,false,false,11,BCHER,
IMG_0121.JPG,,6.17.20 to 8.7.20,21-Jun-2020,13:25:10,Ok,false,JFaber,,0,,0,,,,false,false,false,11,BCHER,
IMG_0122.JPG,,6.17.20 to 8.7.20,21-Jun-2020,13:25:12,Ok,false,JFaber,,0,,0,,,,false,false,false,11,BCHER,
IMG_0123.JPG,,6.17.20 to 8.7.20,21-Jun-2020,13:25:13,Ok,false,JFaber,,0,,0,,,,false,false,false,11,BCHER,
IMG_0124.JPG,,6.17.20 to 8.7.20,23-Jun-2020,05:47:41,Ok,false,JFaber,chipmunk,1,,0,,,,false,false,false,11,BCHER,
IMG_0125.JPG,,6.17.20 to 8.7.20,23-Jun-2020,05:47:44,Ok,false,JFaber,,0,,0,,,,false,false,false,11,BCHER,
IMG_0126.JPG,,6.17.20 to 8.7.20,23-Jun-2020,05:47:45,Ok,false,JFaber,,0,,0,,,,false,false,false,11,BCHER,
IMG_0127.JPG,,6.17.20 to 8.7.20,23-Jun-2020,12:22:06,Ok,false,JFaber,,0,,0,,,,false,false,false,11,BCHER,
IMG_0128.JPG,,6.17.20 to 8.7.20,23-Jun-2020,12:22:08,Ok,false,JFaber,,0,,0,,,,false,false,false,11,BCHER,
IMG_0129.JPG,,6.17.20 to 8.7.20,23-Jun-2020,12:22:09,Ok,false,JFaber,,0,,0,,,,false,false,false,11,BCHER,
IMG_0130.JPG,,6.17.20 to 8.7.20,24-Jun-2020,07:29:20,Ok,false,JFaber,bird,1,,0,,,,false,false,false,11,BCHER,
IMG_0131.JPG,,6.17.20 to 8.7.20,24-Jun-2020,07:29:22,Ok,false,JFaber,,0,,0,,,,false,false,false,11,BCHER,
IMG_0132.JPG,,6.17.20 to 8.7.20,24-Jun-2020,07:29:23,Ok,false,JFaber,,0,,0,,,,false,false,false,11,BCHER,
IMG_0133.JPG,,6.17.20 to 8.7.20,24-Jun-2020,08:35:35,Ok,false,JFaber,bird,1,,0,,,,false,false,false,11,BCHER,
IMG_0134.JPG,,6.17.20 to 8.7.20,24-Jun-2020,08:35:38,Ok,false,JFaber,bird,1,,0,,,,false,false,false,11,BCHER,
IMG_0135.JPG,,6.17.20 to 8.7.20,24-Jun-2020,08:35:39,Ok,false,JFaber,bird,1,,0,,,,false,false,false,11,BCHER,
IMG_0136.JPG,,6.17.20 to 8.7.20,24-Jun-2020,14:23:38,Ok,false,JFaber,rodent,1,,0,marmot,,,false,false,false,11,BCHER,
IMG_0137.JPG,,6.17.20 to 8.7.20,24-Jun-2020,14:23:40,Ok,false,JFaber,rodent,1,,0,marmot,,,false,false,false,11,BCHER,
IMG_0138.JPG,,6.17.20 to 8.7.20,24-Jun-2020,14:23:42,Ok,false,JFaber,rodent,1,,0,marmot,,,false,false,false,11,BCHER,
IMG_0139.JPG,,6.17.20 to 8.7.20,24-Jun-2020,17:22:25,Ok,false,JFaber,rodent,1,,0,marmot,,,false,false,false,11,BCHER,
IMG_0140.JPG,,6.17.20 to 8.7.20,24-Jun-2020,17:22:28,Ok,false,JFaber,rodent,1,,0,marmot,,,false,false,false,11,BCHER,
IMG_0141.JPG,,6.17.20 to 8.7.20,24-Jun-2020,17:22:29,Ok,false,JFaber,rodent,1,,0,marmot,,,false,false,false,11,BCHER,
IMG_0142.JPG,,6.17.20 to 8.7.20,24-Jun-2020,17:22:31,Ok,false,JFaber,rodent,1,,0,marmot,,,false,false,false,11,BCHER,
IMG_0143.JPG,,6.17.20 to 8.7.20,24-Jun-2020,17:22:35,Ok,false,JFaber,,0,,0,,,,false,false,false,11,BCHER,
IMG_0144.JPG,,6.17.20 to 8.7.20,24-Jun-2020,17:22:36,Ok,false,JFaber,,0,,0,,,,false,false,false,11,BCHER,
IMG_0145.JPG,,6.17.20 to 8.7.20,24-Jun-2020,17:53:35,Ok,false,JFaber,rodent,1,,0,marmot,,,false,false,false,11,BCHER,
IMG_0146.JPG,,6.17.20 to 8.7.20,24-Jun-2020,17:53:37,Ok,false,JFaber,,0,,0,,,,false,false,false,11,BCHER,
IMG_0147.JPG,,6.17.20 to 8.7.20,24-Jun-2020,17:53:38,Ok,false,JFaber,,0,,0,,,,false,false,false,11,BCHER,
IMG_0148.JPG,,6.17.20 to 8.7.20,26-Jun-2020,06:20:21,Ok,false,JFaber,Douglas squirrel,1,,0,,,,false,false,false,11,BCHER,
IMG_0149.JPG,,6.17.20 to 8.7.20,26-Jun-2020,06:20:23,Ok,false,JFaber,Douglas squirrel,1,,0,,,,false,false,false,11,BCHER,
IMG_0150.JPG,,6.17.20 to 8.7.20,26-Jun-2020,06:20:24,Ok,false,JFaber,Douglas squirrel,1,,0,,,,false,false,false,11,BCHER,
IMG_0151.JPG,,6.17.20 to 8.7.20,26-Jun-2020,06:20:25,Ok,false,JFaber,,0,,0,,,,false,false,false,11,BCHER,
IMG_0152.JPG,,6.17.20 to 8.7.20,26-Jun-2020,06:20:27,Ok,false,JFaber,,0,,0,,,,false,false,false,11,BCHER,
IMG_0153.JPG,,6.17.20 to 8.7.20,26-Jun-2020,06:20:28,Ok,false,JFaber,,0,,0,,,,false,false,false,11,BCHER,
IMG_0154.JPG,,6.17.20 to 8.7.20,26-Jun-2020,08:54:50,Ok,false,JFaber,Douglas squirrel,1,,0,,,,false,false,false,11,BCHER,
IMG_0155.JPG,,6.17.20 to 8.7.20,26-Jun-2020,08:54:52,Ok,false,JFaber,Douglas squirrel,1,,0,,,,false,false,false,11,BCHER,
IMG_0156.JPG,,6.17.20 to 8.7.20,26-Jun-2020,08:54:53,Ok,false,JFaber,Douglas squirrel,1,,0,,,,false,false,false,11,BCHER,
IMG_0157.JPG,,6.17.20 to 8.7.20,26-Jun-2020,08:55:51,Ok,false,JFaber,Douglas squirrel,1,,0,,,,false,false,false,11,BCHER,
IMG_0158.JPG,,6.17.20 to 8.7.20,26-Jun-2020,08:55:53,Ok,false,JFaber,,0,,0,,,,false,false,false,11,BCHER,
IMG_0159.JPG,,6.17.20 to 8.7.20,26-Jun-2020,08:55:54,Ok,false,JFaber,,0,,0,,,,false,false,false,11,BCHER,
IMG_0160.JPG,,6.17.20 to 8.7.20,29-Jun-2020,11:21:49,Ok,false,JFaber,,0,,0,,,,false,false,false,11,BCHER,
IMG_0161.JPG,,6.17.20 to 8.7.20,29-Jun-2020,11:21:52,Ok,false,JFaber,,0,,0,,,,false,false,false,11,BCHER,
IMG_0162.JPG,,6.17.20 to 8.7.20,29-Jun-2020,11:21:53,Ok,false,JFaber,,0,,0,,,,false,false,false,11,BCHER,
IMG_0163.JPG,,6.17.20 to 8.7.20,02-Jul-2020,17:21:52,Ok,false,JFaber,unknown,1,,0,squirrel,,,false,false,false,11,BCHER,
IMG_0164.JPG,,6.17.20 to 8.7.20,02-Jul-2020,17:21:55,Ok,false,JFaber,unknown,1,,0,squirrel,,,false,false,false,11,BCHER,
IMG_0165.JPG,,6.17.20 to 8.7.20,02-Jul-2020,17:21:56,Ok,false,JFaber,unknown,1,,0,squirrel,,,false,false,false,11,BCHER,
IMG_0166.JPG,,6.17.20 to 8.7.20,07-Jul-2020,06:33:29,Ok,false,JFaber,Douglas squirrel,1,,0,,,,false,false,false,11,BCHER,
IMG_0167.JPG,,6.17.20 to 8.7.20,07-Jul-2020,06:33:31,Ok,false,JFaber,Douglas squirrel,1,,0,,,,false,false,false,11,BCHER,
IMG_0168.JPG,,6.17.20 to 8.7.20,07-Jul-2020,06:33:32,Ok,false,JFaber,Douglas squirrel,1,,0,,,,false,false,false,11,BCHER,
IMG_0169.JPG,,6.17.20 to 8.7.20,08-Jul-2020,06:32:16,Ok,false,JFaber,unknown,1,,0,marmot bottom right,,,false,true,false,11,BCHER,
IMG_0170.JPG,,6.17.20 to 8.7.20,08-Jul-2020,06:32:19,Ok,false,JFaber,,1,,0,marmot bottom right,,,false,true,false,11,BCHER,
IMG_0171.JPG,,6.17.20 to 8.7.20,08-Jul-2020,06:32:20,Ok,false,JFaber,,1,,0,marmot bottom right,,,false,true,false,11,BCHER,
IMG_0172.JPG,,6.17.20 to 8.7.20,08-Jul-2020,06:32:28,Ok,false,JFaber,,1,,0,marmot bottom right,,,false,true,false,11,BCHER,
IMG_0173.JPG,,6.17.20 to 8.7.20,08-Jul-2020,06:32:30,Ok,false,JFaber,,0,,0,,,,false,false,false,11,BCHER,
IMG_0174.JPG,,6.17.20 to 8.7.20,08-Jul-2020,06:32:33,Ok,false,JFaber,,0,,0,,,,false,false,false,11,BCHER,
IMG_0175.JPG,,6.17.20 to 8.7.20,08-Jul-2020,12:52:10,Ok,false,JFaber,,0,,0,,,,false,false,false,11,BCHER,
IMG_0176.JPG,,6.17.20 to 8.7.20,08-Jul-2020,12:52:11,Ok,false,JFaber,,0,,0,,,,false,false,false,11,BCHER,
IMG_0177.JPG,,6.17.20 to 8.7.20,08-Jul-2020,12:52:12,Ok,false,JFaber,,0,,0,,,,false,false,false,11,BCHER,
IMG_0178.JPG,,6.17.20 to 8.7.20,09-Jul-2020,06:50:49,Ok,false,JFaber,Douglas squirrel,1,,0,,,,false,false,false,11,BCHER,
IMG_0179.JPG,,6.17.20 to 8.7.20,09-Jul-2020,06:50:51,Ok,false,JFaber,Douglas squirrel,1,,0,,,,false,false,false,11,BCHER,
IMG_0180.JPG,,6.17.20 to 8.7.20,09-Jul-2020,06:50:52,Ok,false,JFaber,Douglas squirrel,1,,0,,,,false,false,false,11,BCHER,
IMG_0181.JPG,,6.17.20 to 8.7.20,09-Jul-2020,08:37:31,Ok,false,JFaber,Douglas squirrel,1,,0,,,,false,false,false,11,BCHER,
IMG_0182.JPG,,6.17.20 to 8.7.20,09-Jul-2020,08:37:34,Ok,false,JFaber,,0,,0,,,,false,false,false,11,BCHER,
IMG_0183.JPG,,6.17.20 to 8.7.20,09-Jul-2020,08:37:35,Ok,false,JFaber,,0,,0,,,,false,false,false,11,BCHER,
IMG_0184.JPG,,6.17.20 to 8.7.20,09-Jul-2020,11:43:52,Ok,false,JFaber,,0,,0,,,,false,false,false,11,BCHER,
IMG_0185.JPG,,6.17.20 to 8.7.20,09-Jul-2020,11:43:54,Ok,false,JFaber,,0,,0,,,,false,false,false,11,BCHER,
IMG_0186.JPG,,6.17.20 to 8.7.20,09-Jul-2020,11:43:55,Ok,false,JFaber,,0,,0,,,,false,false,false,11,BCHER,
IMG_0187.JPG,,6.17.20 to 8.7.20,10-Jul-2020,09:49:07,Ok,false,JFaber,Douglas squirrel,1,,0,,,,false,false,false,11,BCHER,
IMG_0188.JPG,,6.17.20 to 8.7.20,10-Jul-2020,09:49:10,Ok,false,JFaber,Douglas squirrel,1,,0,,,,false,false,false,11,BCHER,
IMG_0189.JPG,,6.17.20 to 8.7.20,10-Jul-2020,09:49:11,Ok,false,JFaber,Douglas squirrel,1,,0,,,,false,false,false,11,BCHER,
IMG_0190.JPG,,6.17.20 to 8.7.20,10-Jul-2020,09:49:13,Ok,false,JFaber,Douglas squirrel,1,,0,,,,false,false,false,11,BCHER,
IMG_0191.JPG,,6.17.20 to 8.7.20,10-Jul-2020,09:49:15,Ok,false,JFaber,Douglas squirrel,1,,0,,,,false,false,false,11,BCHER,
IMG_0192.JPG,,6.17.20 to 8.7.20,10-Jul-2020,09:49:16,Ok,false,JFaber,Douglas squirrel,1,,0,,,,false,false,false,11,BCHER,
IMG_0193.JPG,,6.17.20 to 8.7.20,10-Jul-2020,12:42:16,Ok,false,JFaber,Douglas squirrel,1,,0,,,,false,false,false,11,BCHER,
IMG_0194.JPG,,6.17.20 to 8.7.20,10-Jul-2020,12:42:19,Ok,false,JFaber,Douglas squirrel,1,,0,,,,false,false,false,11,BCHER,
IMG_0195.JPG,,6.17.20 to 8.7.20,10-Jul-2020,12:42:20,Ok,false,JFaber,Douglas squirrel,1,,0,,,,false,false,false,11,BCHER,
IMG_0196.JPG,,6.17.20 to 8.7.20,13-Jul-2020,08:45:36,Ok,false,JFaber,rodent,1,,0,marmot,,,false,false,false,11,BCHER,
IMG_0197.JPG,,6.17.20 to 8.7.20,13-Jul-2020,08:45:39,Ok,false,JFaber,rodent,1,,0,marmot,,,false,false,false,11,BCHER,
IMG_0198.JPG,,6.17.20 to 8.7.20,13-Jul-2020,08:45:40,Ok,false,JFaber,rodent,1,,0,marmot,,,false,false,false,11,BCHER,
IMG_0199.JPG,,6.17.20 to 8.7.20,13-Jul-2020,08:45:49,Ok,false,JFaber,rodent,1,,0,marmot,,,false,false,false,11,BCHER,
IMG_0200.JPG,,6.17.20 to 8.7.20,13-Jul-2020,08:45:52,Ok,false,JFaber,rodent,1,,0,marmot,,,false,false,false,11,BCHER,
IMG_0201.JPG,,6.17.20 to 8.7.20,13-Jul-2020,08:45:53,Ok,false,JFaber,,0,,0,,,,false,false,false,11,BCHER,
IMG_0202.JPG,,6.17.20 to 8.7.20,13-Jul-2020,09:32:59,Ok,false,JFaber,Douglas squirrel,1,,0,,,,false,false,false,11,BCHER,
IMG_0203.JPG,,6.17.20 to 8.7.20,13-Jul-2020,09:33:02,Ok,false,JFaber,Douglas squirrel,1,,0,,,,false,false,false,11,BCHER,
IMG_0204.JPG,,6.17.20 to 8.7.20,13-Jul-2020,09:33:03,Ok,false,JFaber,Douglas squirrel,1,,0,,,,false,false,false,11,BCHER,
IMG_0205.JPG,,6.17.20 to 8.7.20,13-Jul-2020,13:21:22,Ok,false,JFaber,,0,,0,,,,false,false,false,11,BCHER,
IMG_0206.JPG,,6.17.20 to 8.7.20,13-Jul-2020,13:21:23,Ok,false,JFaber,,0,,0,,,,false,false,false,11,BCHER,
IMG_0207.JPG,,6.17.20 to 8.7.20,13-Jul-2020,13:21:24,Ok,false,JFaber,,0,,0,,,,false,false,false,11,BCHER,
IMG_0208.JPG,,6.17.20 to 8.7.20,13-Jul-2020,14:30:04,Ok,false,JFaber,Douglas squirrel,1,,0,,,,false,false,false,11,BCHER,
IMG_0209.JPG,,6.17.20 to 8.7.20,13-Jul-2020,14:30:07,Ok,false,JFaber,,0,,0,,,,false,false,false,11,BCHER,
IMG_0210.JPG,,6.17.20 to 8.7.20,13-Jul-2020,14:30:08,Ok,false,JFaber,,0,,0,,,,false,false,false,11,BCHER,
IMG_0211.JPG,,6.17.20 to 8.7.20,13-Jul-2020,14:43:22,Ok,false,JFaber,,0,,0,squirrel,,,false,true,false,11,BCHER,
IMG_0212.JPG,,6.17.20 to 8.7.20,13-Jul-2020,14:43:24,Ok,false,JFaber,,0,,0,,,,false,false,false,11,BCHER,
IMG_0213.JPG,,6.17.20 to 8.7.20,13-Jul-2020,14:43:25,Ok,false,JFaber,,0,,0,,,,false,false,false,11,BCHER,
IMG_0214.JPG,,6.17.20 to 8.7.20,14-Jul-2020,09:02:17,Ok,false,JFaber,Douglas squirrel,1,,0,,,,false,false,false,11,BCHER,
IMG_0215.JPG,,6.17.20 to 8.7.20,14-Jul-2020,09:02:19,Ok,false,JFaber,Douglas squirrel,1,,0,,,,false,false,false,11,BCHER,
IMG_0216.JPG,,6.17.20 to 8.7.20,14-Jul-2020,09:02:20,Ok,false,JFaber,Douglas squirrel,1,,0,,,,false,false,false,11,BCHER,
IMG_0217.JPG,,6.17.20 to 8.7.20,14-Jul-2020,18:04:23,Ok,false,JFaber,rodent,1,,0,marmot,,,false,false,false,11,BCHER,
IMG_0218.JPG,,6.17.20 to 8.7.20,14-Jul-2020,18:04:26,Ok,false,JFaber,rodent,1,,0,marmot,,,false,false,false,11,BCHER,
IMG_0219.JPG,,6.17.20 to 8.7.20,14-Jul-2020,18:04:27,Ok,false,JFaber,rodent,1,,0,marmot,,,false,false,false,11,BCHER,
IMG_0220.JPG,,6.17.20 to 8.7.20,14-Jul-2020,18:06:59,Ok,false,JFaber,rodent,1,,0,marmot,,,false,false,false,11,BCHER,
IMG_0221.JPG,,6.17.20 to 8.7.20,14-Jul-2020,18:07:01,Ok,false,JFaber,rodent,1,,0,marmot,,,false,false,false,11,BCHER,
IMG_0222.JPG,,6.17.20 to 8.7.20,14-Jul-2020,18:07:02,Ok,false,JFaber,rodent,1,,0,marmot,,,false,false,false,11,BCHER,
IMG_0223.JPG,,6.17.20 to 8.7.20,15-Jul-2020,07:23:11,Ok,false,JFaber,Douglas squirrel,1,,0,,,,false,false,false,11,BCHER,
IMG_0224.JPG,,6.17.20 to 8.7.20,15-Jul-2020,07:23:13,Ok,false,JFaber,,0,,0,,,,false,false,false,11,BCHER,
IMG_0225.JPG,,6.17.20 to 8.7.20,15-Jul-2020,07:23:14,Ok,false,JFaber,,0,,0,,,,false,false,false,11,BCHER,
IMG_0226.JPG,,6.17.20 to 8.7.20,15-Jul-2020,14:32:58,Ok,false,JFaber,,0,,0,,,,false,false,false,11,BCHER,
IMG_0227.JPG,,6.17.20 to 8.7.20,15-Jul-2020,14:33:01,Ok,false,JFaber,,0,,0,,,,false,false,false,11,BCHER,
IMG_0228.JPG,,6.17.20 to 8.7.20,15-Jul-2020,14:33:02,Ok,false,JFaber,,0,,0,,,,false,false,false,11,BCHER,
IMG_0229.JPG,,6.17.20 to 8.7.20,17-Jul-2020,08:23:23,Ok,false,JFaber,,0,,0,,,,false,false,false,11,BCHER,
IMG_0230.JPG,,6.17.20 to 8.7.20,17-Jul-2020,08:23:25,Ok,false,JFaber,,0,,0,,,,false,false,false,11,BCHER,
IMG_0231.JPG,,6.17.20 to 8.7.20,17-Jul-2020,08:23:26,Ok,false,JFaber,,0,,0,,,,false,false,false,11,BCHER,
IMG_0232.JPG,,6.17.20 to 8.7.20,18-Jul-2020,04:13:39,Ok,false,JFaber,deer,1,,0,,,,false,false,false,11,BCHER,
IMG_0233.JPG,,6.17.20 to 8.7.20,18-Jul-2020,04:13:41,Ok,false,JFaber,deer,1,,0,,,,false,false,false,11,BCHER,
IMG_0234.JPG,,6.17.20 to 8.7.20,18-Jul-2020,04:13:42,Ok,false,JFaber,deer,1,,0,,,,false,false,false,11,BCHER,
IMG_0235.JPG,,6.17.20 to 8.7.20,18-Jul-2020,06:42:35,Ok,false,JFaber,,0,,0,,,,false,false,false,11,BCHER,
IMG_0236.JPG,,6.17.20 to 8.7.20,18-Jul-2020,06:42:36,Ok,false,JFaber,,0,,0,,,,false,false,false,11,BCHER,
IMG_0237.JPG,,6.17.20 to 8.7.20,18-Jul-2020,06:42:38,Ok,false,JFaber,,0,,0,,,,false,false,false,11,BCHER,
IMG_0238.JPG,,6.17.20 to 8.7.20,19-Jul-2020,07:51:59,Ok,false,JFaber,Douglas squirrel,1,,0,,,,false,false,false,11,BCHER,
IMG_0239.JPG,,6.17.20 to 8.7.20,19-Jul-2020,07:52:00,Ok,false,JFaber,Douglas squirrel,1,,0,,,,false,false,false,11,BCHER,
IMG_0240.JPG,,6.17.20 to 8.7.20,19-Jul-2020,07:52:01,Ok,false,JFaber,Douglas squirrel,1,,0,,,,false,false,false,11,BCHER,
IMG_0241.JPG,,6.17.20 to 8.7.20,19-Jul-2020,08:51:45,Ok,false,JFaber,Douglas squirrel,1,,0,,,,false,false,false,11,BCHER,
IMG_0242.JPG,,6.17.20 to 8.7.20,19-Jul-2020,08:51:47,Ok,false,JFaber,Douglas squirrel,1,,0,,,,false,false,false,11,BCHER,
IMG_0243.JPG,,6.17.20 to 8.7.20,19-Jul-2020,08:51:48,Ok,false,JFaber,Douglas squirrel,1,,0,,,,false,false,false,11,BCHER,
IMG_0244.JPG,,6.17.20 to 8.7.20,19-Jul-2020,18:55:56,Ok,false,JFaber,,1,,0,marmot,,,false,true,false,11,BCHER,
IMG_0245.JPG,,6.17.20 to 8.7.20,19-Jul-2020,18:56:00,Ok,false,JFaber,,0,,0,,,,false,false,false,11,BCHER,
IMG_0246.JPG,,6.17.20 to 8.7.20,19-Jul-2020,18:56:01,Ok,false,JFaber,,0,,0,,,,false,false,false,11,BCHER,
IMG_0247.JPG,,6.17.20 to 8.7.20,20-Jul-2020,09:33:02,Ok,false,JFaber,rodent,1,,0,marmot,,,false,false,false,11,BCHER,
IMG_0248.JPG,,6.17.20 to 8.7.20,20-Jul-2020,09:33:03,Ok,false,JFaber,rodent,1,,0,marmot,,,false,false,false,11,BCHER,
IMG_0249.JPG,,6.17.20 to 8.7.20,20-Jul-2020,09:33:04,Ok,false,JFaber,rodent,1,,0,marmot,,,false,false,false,11,BCHER,
IMG_0250.JPG,,6.17.20 to 8.7.20,20-Jul-2020,09:33:09,Ok,false,JFaber,rodent,1,,0,marmot,,,false,false,false,11,BCHER,
IMG_0251.JPG,,6.17.20 to 8.7.20,20-Jul-2020,09:33:11,Ok,false,JFaber,,0,,0,,,,false,false,false,11,BCHER,
IMG_0252.JPG,,6.17.20 to 8.7.20,20-Jul-2020,09:33:12,Ok,false,JFaber,,0,,0,,,,false,false,false,11,BCHER,
IMG_0253.JPG,,6.17.20 to 8.7.20,21-Jul-2020,08:30:04,Ok,false,JFaber,weasel,1,,0,,,,false,false,false,11,BCHER,
IMG_0254.JPG,,6.17.20 to 8.7.20,21-Jul-2020,08:30:06,Ok,false,JFaber,weasel,1,,0,,,,false,false,false,11,BCHER,
IMG_0255.JPG,,6.17.20 to 8.7.20,21-Jul-2020,08:30:07,Ok,false,JFaber,,0,,0,,,,false,false,false,11,BCHER,
IMG_0256.JPG,,6.17.20 to 8.7.20,21-Jul-2020,14:57:37,Ok,false,JFaber,,0,,0,,,,false,false,false,11,BCHER,
IMG_0257.JPG,,6.17.20 to 8.7.20,21-Jul-2020,14:57:40,Ok,false,JFaber,,0,,0,,,,false,false,false,11,BCHER,
IMG_0258.JPG,,6.17.20 to 8.7.20,21-Jul-2020,14:57:41,Ok,false,JFaber,,0,,0,,,,false,false,false,11,BCHER,
IMG_0259.JPG,,6.17.20 to 8.7.20,21-Jul-2020,19:07:37,Ok,false,JFaber,rodent,1,,0,marmot,,,false,false,false,11,BCHER,
IMG_0260.JPG,,6.17.20 to 8.7.20,21-Jul-2020,19:07:40,Ok,false,JFaber,,0,,0,,,,false,false,false,11,BCHER,
IMG_0261.JPG,,6.17.20 to 8.7.20,21-Jul-2020,19:07:41,Ok,false,JFaber,,0,,0,,,,false,false,false,11,BCHER,
IMG_0262.JPG,,6.17.20 to 8.7.20,25-Jul-2020,08:52:15,Ok,false,JFaber,,0,,0,,,,false,false,false,11,BCHER,
IMG_0263.JPG,,6.17.20 to 8.7.20,25-Jul-2020,08:52:17,Ok,false,JFaber,,0,,0,,,,false,false,false,11,BCHER,
IMG_0264.JPG,,6.17.20 to 8.7.20,25-Jul-2020,08:52:18,Ok,false,JFaber,,0,,0,,,,false,false,false,11,BCHER,
IMG_0265.JPG,,6.17.20 to 8.7.20,25-Jul-2020,09:03:49,Ok,false,JFaber,quail/pheasant,2,,0,,,,false,false,false,11,BCHER,
IMG_0266.JPG,,6.17.20 to 8.7.20,25-Jul-2020,09:03:52,Ok,false,JFaber,quail/pheasant,3,,0,,,,false,false,false,11,BCHER,
IMG_0267.JPG,,6.17.20 to 8.7.20,25-Jul-2020,09:03:53,Ok,false,JFaber,quail/pheasant,3,,0,,,,false,false,false,11,BCHER,
IMG_0268.JPG,,6.17.20 to 8.7.20,25-Jul-2020,09:03:57,Ok,false,JFaber,quail/pheasant,5,,0,,,,false,false,false,11,BCHER,
IMG_0269.JPG,,6.17.20 to 8.7.20,25-Jul-2020,09:03:59,Ok,false,JFaber,quail/pheasant,6,,0,,,,false,false,false,11,BCHER,
IMG_0270.JPG,,6.17.20 to 8.7.20,25-Jul-2020,09:04:01,Ok,false,JFaber,quail/pheasant,3,,0,,,,false,false,false,11,BCHER,
IMG_0271.JPG,,6.17.20 to 8.7.20,25-Jul-2020,09:04:11,Ok,false,JFaber,quail/pheasant,1,,0,,,,false,false,false,11,BCHER,
IMG_0272.JPG,,6.17.20 to 8.7.20,25-Jul-2020,09:04:12,Ok,false,JFaber,quail/pheasant,1,,0,,,,false,false,false,11,BCHER,
IMG_0273.JPG,,6.17.20 to 8.7.20,25-Jul-2020,09:04:13,Ok,false,JFaber,quail/pheasant,4,,0,,,,false,false,false,11,BCHER,
IMG_0274.JPG,,6.17.20 to 8.7.20,25-Jul-2020,09:04:34,Ok,false,JFaber,bird,1,,0,,,,false,false,false,11,BCHER,
IMG_0275.JPG,,6.17.20 to 8.7.20,25-Jul-2020,09:04:36,Ok,false,JFaber,,0,,0,,,,false,false,false,11,BCHER,
IMG_0276.JPG,,6.17.20 to 8.7.20,25-Jul-2020,09:04:37,Ok,false,JFaber,,0,,0,,,,false,false,false,11,BCHER,
IMG_0277.JPG,,6.17.20 to 8.7.20,26-Jul-2020,04:33:27,Ok,false,JFaber,,0,,0,,,,false,false,false,11,BCHER,
IMG_0278.JPG,,6.17.20 to 8.7.20,26-Jul-2020,04:33:30,Ok,false,JFaber,,1,,0,,,,false,true,false,11,BCHER,
IMG_0279.JPG,,6.17.20 to 8.7.20,26-Jul-2020,04:33:32,Ok,false,JFaber,,1,,0,,,,false,true,false,11,BCHER,
IMG_0280.JPG,,6.17.20 to 8.7.20,26-Jul-2020,04:33:32,Ok,false,JFaber,,0,,0,,,,false,false,false,11,BCHER,
IMG_0281.JPG,,6.17.20 to 8.7.20,26-Jul-2020,04:33:34,Ok,false,JFaber,,0,,0,,,,false,false,false,11,BCHER,
IMG_0282.JPG,,6.17.20 to 8.7.20,26-Jul-2020,04:33:35,Ok,false,JFaber,,0,,0,,,,false,false,false,11,BCHER,
IMG_0283.JPG,,6.17.20 to 8.7.20,26-Jul-2020,07:23:27,Ok,false,JFaber,bird,1,bird,1,,,,false,false,false,11,BCHER,
IMG_0284.JPG,,6.17.20 to 8.7.20,26-Jul-2020,07:23:30,Ok,false,JFaber,bird,1,,0,,,,false,false,false,11,BCHER,
IMG_0285.JPG,,6.17.20 to 8.7.20,26-Jul-2020,07:23:31,Ok,false,JFaber,bird,1,bird,1,,,,false,false,false,11,BCHER,
IMG_0286.JPG,,6.17.20 to 8.7.20,27-Jul-2020,09:56:22,Ok,false,JFaber,bird,1,,0,,,,false,false,false,11,BCHER,
IMG_0287.JPG,,6.17.20 to 8.7.20,27-Jul-2020,09:56:25,Ok,false,JFaber,bird,1,,0,,,,false,false,false,11,BCHER,
IMG_0288.JPG,,6.17.20 to 8.7.20,27-Jul-2020,09:56:26,Ok,false,JFaber,bird,1,,0,,,,false,false,false,11,BCHER,
IMG_0289.JPG,,6.17.20 to 8.7.20,27-Jul-2020,11:38:26,Ok,false,JFaber,rodent,1,,0,squirrel,,,false,false,false,11,BCHER,
IMG_0290.JPG,,6.17.20 to 8.7.20,27-Jul-2020,11:38:29,Ok,false,JFaber,,0,,0,,,,false,false,false,11,BCHER,
IMG_0291.JPG,,6.17.20 to 8.7.20,27-Jul-2020,11:38:30,Ok,false,JFaber,,0,,0,,,,false,false,false,11,BCHER,
IMG_0292.JPG,,6.17.20 to 8.7.20,28-Jul-2020,10:04:24,Ok,false,JFaber,rodent,1,,0,marmot,,,false,false,false,11,BCHER,
IMG_0293.JPG,,6.17.20 to 8.7.20,28-Jul-2020,10:04:27,Ok,false,JFaber,rodent,1,,0,marmot,,,false,false,false,11,BCHER,
IMG_0294.JPG,,6.17.20 to 8.7.20,28-Jul-2020,10:04:28,Ok,false,JFaber,rodent,1,,0,marmot,,,false,false,false,11,BCHER,
IMG_0295.JPG,,6.17.20 to 8.7.20,28-Jul-2020,10:04:31,Ok,false,JFaber,rodent,1,,0,marmot,,,false,false,false,11,BCHER,
IMG_0296.JPG,,6.17.20 to 8.7.20,28-Jul-2020,10:04:34,Ok,false,JFaber,rodent,1,,0,marmot,,,false,false,false,11,BCHER,
IMG_0297.JPG,,6.17.20 to 8.7.20,28-Jul-2020,10:04:35,Ok,false,JFaber,rodent,1,,0,marmot,,,false,false,false,11,BCHER,
IMG_0298.JPG,,6.17.20 to 8.7.20,28-Jul-2020,18:27:01,Ok,false,JFaber,rodent,1,,0,marmot,,,false,false,false,11,BCHER,
IMG_0299.JPG,,6.17.20 to 8.7.20,28-Jul-2020,18:27:04,Ok,false,JFaber,rodent,1,,0,marmot,,,false,false,false,11,BCHER,
IMG_0300.JPG,,6.17.20 to 8.7.20,28-Jul-2020,18:27:05,Ok,false,JFaber,,0,,0,,,,false,false,false,11,BCHER,
IMG_0301.JPG,,6.17.20 to 8.7.20,30-Jul-2020,08:08:48,Ok,false,JFaber,,0,,0,,,,false,false,false,11,BCHER,
IMG_0302.JPG,,6.17.20 to 8.7.20,30-Jul-2020,08:08:49,Ok,false,JFaber,,0,,0,,,,false,false,false,11,BCHER,
IMG_0303.JPG,,6.17.20 to 8.7.20,30-Jul-2020,08:08:51,Ok,false,JFaber,,0,,0,,,,false,false,false,11,BCHER,
IMG_0304.JPG,,6.17.20 to 8.7.20,30-Jul-2020,11:02:47,Ok,false,JFaber,,0,,0,,,,false,false,false,11,BCHER,
IMG_0305.JPG,,6.17.20 to 8.7.20,30-Jul-2020,11:02:48,Ok,false,JFaber,,0,,0,,,,false,false,false,11,BCHER,
IMG_0306.JPG,,6.17.20 to 8.7.20,30-Jul-2020,11:02:49,Ok,false,JFaber,,0,,0,,,,false,false,false,11,BCHER,
IMG_0307.JPG,,6.17.20 to 8.7.20,31-Jul-2020,08:24:21,Ok,false,JFaber,,0,,0,,,,false,false,false,11,BCHER,
IMG_0308.JPG,,6.17.20 to 8.7.20,31-Jul-2020,08:24:24,Ok,false,JFaber,,0,,0,,,,false,false,false,11,BCHER,
IMG_0309.JPG,,6.17.20 to 8.7.20,31-Jul-2020,08:24:25,Ok,false,JFaber,,0,,0,,,,false,false,false,11,BCHER,
IMG_0310.JPG,,6.17.20 to 8.7.20,01-Aug-2020,08:10:29,Ok,false,JFaber,chipmunk,1,,0,,,,false,false,false,11,BCHER,
IMG_0311.JPG,,6.17.20 to 8.7.20,01-Aug-2020,08:10:32,Ok,false,JFaber,,0,,0,,,,false,false,false,11,BCHER,
IMG_0312.JPG,,6.17.20 to 8.7.20,01-Aug-2020,08:10:33,Ok,false,JFaber,,0,,0,,,,false,false,false,11,BCHER,
IMG_0313.JPG,,6.17.20 to 8.7.20,01-Aug-2020,09:16:25,Ok,false,JFaber,chipmunk,1,,0,,,,false,false,false,11,BCHER,
IMG_0314.JPG,,6.17.20 to 8.7.20,01-Aug-2020,09:16:28,Ok,false,JFaber,chipmunk,1,,0,,,,false,false,false,11,BCHER,
IMG_0315.JPG,,6.17.20 to 8.7.20,01-Aug-2020,09:16:29,Ok,false,JFaber,chipmunk,1,,0,,,,false,false,false,11,BCHER,
IMG_0316.JPG,,6.17.20 to 8.7.20,01-Aug-2020,09:16:37,Ok,false,JFaber,none,0,,0,,,,false,false,false,11,BCHER,
IMG_0317.JPG,,6.17.20 to 8.7.20,01-Aug-2020,09:16:40,Ok,false,JFaber,none,0,,0,,,,false,false,false,11,BCHER,
IMG_0318.JPG,,6.17.20 to 8.7.20,01-Aug-2020,09:16:41,Ok,false,JFaber,none,0,,0,,,,false,false,false,11,BCHER,
IMG_0319.JPG,,6.17.20 to 8.7.20,01-Aug-2020,09:22:06,Ok,false,JFaber,unknown,1,,0,chipmunk,,,false,true,false,11,BCHER,
IMG_0320.JPG,,6.17.20 to 8.7.20,01-Aug-2020,09:22:09,Ok,false,JFaber,unknown,1,,0,chipmunk,,,false,true,false,11,BCHER,
IMG_0321.JPG,,6.17.20 to 8.7.20,01-Aug-2020,09:22:10,Ok,false,JFaber,unknown,1,,0,chipmunk,,,false,true,false,11,BCHER,
IMG_0322.JPG,,6.17.20 to 8.7.20,02-Aug-2020,08:44:34,Ok,false,JFaber,rodent,1,,0,marmot,,,false,false,false,11,BCHER,
IMG_0323.JPG,,6.17.20 to 8.7.20,02-Aug-2020,08:44:37,Ok,false,JFaber,rodent,1,,0,marmot,,,false,false,false,11,BCHER,
IMG_0324.JPG,,6.17.20 to 8.7.20,02-Aug-2020,08:44:38,Ok,false,JFaber,rodent,1,,0,marmot,,,false,false,false,11,BCHER,
IMG_0325.JPG,,6.17.20 to 8.7.20,02-Aug-2020,08:59:27,Ok,false,JFaber,rodent,1,,0,marmot,,,false,false,false,11,BCHER,
IMG_0326.JPG,,6.17.20 to 8.7.20,02-Aug-2020,08:59:29,Ok,false,JFaber,rodent,1,,0,marmot,,,false,false,false,11,BCHER,
IMG_0327.JPG,,6.17.20 to 8.7.20,02-Aug-2020,08:59:30,Ok,false,JFaber,,0,,0,,,,false,false,false,11,BCHER,
IMG_0328.JPG,,6.17.20 to 8.7.20,02-Aug-2020,09:08:34,Ok,false,JFaber,chipmunk,1,,0,,,,false,false,false,11,BCHER,
IMG_0329.JPG,,6.17.20 to 8.7.20,02-Aug-2020,09:08:36,Ok,false,JFaber,chipmunk,1,,0,,,,false,false,false,11,BCHER,
IMG_0330.JPG,,6.17.20 to 8.7.20,02-Aug-2020,09:08:37,Ok,false,JFaber,chipmunk,1,,0,,,,false,false,false,11,BCHER,
IMG_0331.JPG,,6.17.20 to 8.7.20,02-Aug-2020,09:15:18,Ok,false,JFaber,rodent,1,,0,marmot,,,false,false,false,11,BCHER,
IMG_0332.JPG,,6.17.20 to 8.7.20,02-Aug-2020,09:15:21,Ok,false,JFaber,,0,,0,,,,false,false,false,11,BCHER,
IMG_0333.JPG,,6.17.20 to 8.7.20,02-Aug-2020,09:15:22,Ok,false,JFaber,,0,,0,,,,false,false,false,11,BCHER,
IMG_0334.JPG,,6.17.20 to 8.7.20,02-Aug-2020,09:28:32,Ok,false,JFaber,rodent,1,,0,marmot,,,false,false,false,11,BCHER,
IMG_0335.JPG,,6.17.20 to 8.7.20,02-Aug-2020,09:28:33,Ok,false,JFaber,rodent,1,,0,marmot,,,false,false,false,11,BCHER,
IMG_0336.JPG,,6.17.20 to 8.7.20,02-Aug-2020,09:28:34,Ok,false,JFaber,rodent,1,,0,marmot,,,false,false,false,11,BCHER,
IMG_0337.JPG,,6.17.20 to 8.7.20,02-Aug-2020,09:35:10,Ok,false,JFaber,rodent,1,,0,marmot,,,false,false,false,11,BCHER,
IMG_0338.JPG,,6.17.20 to 8.7.20,02-Aug-2020,09:35:13,Ok,false,JFaber,,0,,0,,,,false,false,false,11,BCHER,
IMG_0339.JPG,,6.17.20 to 8.7.20,02-Aug-2020,09:35:14,Ok,false,JFaber,,0,,0,,,,false,false,false,11,BCHER,
IMG_0340.JPG,,6.17.20 to 8.7.20,02-Aug-2020,09:41:00,Ok,false,JFaber,rodent,1,,0,marmot,,,false,false,false,11,BCHER,
IMG_0341.JPG,,6.17.20 to 8.7.20,02-Aug-2020,09:41:02,Ok,false,JFaber,rodent,1,,0,marmot,,,false,false,false,11,BCHER,
IMG_0342.JPG,,6.17.20 to 8.7.20,02-Aug-2020,09:41:03,Ok,false,JFaber,,0,,0,,,,false,false,false,11,BCHER,
IMG_0343.JPG,,6.17.20 to 8.7.20,02-Aug-2020,10:41:24,Ok,false,JFaber,rodent,1,,0,marmot,,,false,false,false,11,BCHER,
IMG_0344.JPG,,6.17.20 to 8.7.20,02-Aug-2020,10:41:27,Ok,false,JFaber,,0,,0,,,,false,false,false,11,BCHER,
IMG_0345.JPG,,6.17.20 to 8.7.20,02-Aug-2020,10:41:28,Ok,false,JFaber,,0,,0,,,,false,false,false,11,BCHER,
IMG_0346.JPG,,6.17.20 to 8.7.20,02-Aug-2020,11:02:29,Ok,false,JFaber,rodent,1,,0,marmot,,,false,false,false,11,BCHER,
IMG_0347.JPG,,6.17.20 to 8.7.20,02-Aug-2020,11:02:32,Ok,false,JFaber,,0,,0,,,,false,false,false,11,BCHER,
IMG_0348.JPG,,6.17.20 to 8.7.20,02-Aug-2020,11:02:33,Ok,false,JFaber,,0,,0,,,,false,false,false,11,BCHER,
IMG_0349.JPG,,6.17.20 to 8.7.20,02-Aug-2020,11:13:08,Ok,false,JFaber,rodent,1,,0,marmot,,,false,false,false,11,BCHER,
IMG_0350.JPG,,6.17.20 to 8.7.20,02-Aug-2020,11:13:10,Ok,false,JFaber,,0,,0,,,,false,false,false,11,BCHER,
IMG_0351.JPG,,6.17.20 to 8.7.20,02-Aug-2020,11:13:11,Ok,false,JFaber,,0,,0,,,,false,false,false,11,BCHER,
IMG_0352.JPG,,6.17.20 to 8.7.20,02-Aug-2020,11:23:29,Ok,false,JFaber,rodent,1,,0,marmot,,,false,false,false,11,BCHER,
IMG_0353.JPG,,6.17.20 to 8.7.20,02-Aug-2020,11:23:32,Ok,false,JFaber,,0,,0,,,,false,false,false,11,BCHER,
IMG_0354.JPG,,6.17.20 to 8.7.20,02-Aug-2020,11:23:33,Ok,false,JFaber,,0,,0,,,,false,false,false,11,BCHER,
IMG_0355.JPG,,6.17.20 to 8.7.20,02-Aug-2020,12:25:03,Ok,false,JFaber,rodent,1,,0,marmot,,,false,false,false,11,BCHER,
IMG_0356.JPG,,6.17.20 to 8.7.20,02-Aug-2020,12:25:05,Ok,false,JFaber,,0,,0,,,,false,false,false,11,BCHER,
IMG_0357.JPG,,6.17.20 to 8.7.20,02-Aug-2020,12:25:06,Ok,false,JFaber,,0,,0,,,,false,false,false,11,BCHER,
IMG_0358.JPG,,6.17.20 to 8.7.20,02-Aug-2020,12:46:14,Ok,false,JFaber,rodent,1,,0,marmot,,,false,false,false,11,BCHER,
IMG_0359.JPG,,6.17.20 to 8.7.20,02-Aug-2020,12:46:16,Ok,false,JFaber,,0,,0,,,,false,false,false,11,BCHER,
IMG_0360.JPG,,6.17.20 to 8.7.20,02-Aug-2020,12:46:17,Ok,false,JFaber,,0,,0,,,,false,false,false,11,BCHER,
IMG_0361.JPG,,6.17.20 to 8.7.20,02-Aug-2020,18:41:30,Ok,false,JFaber,black bear,1,,0,,,,false,false,false,11,BCHER,
IMG_0362.JPG,,6.17.20 to 8.7.20,02-Aug-2020,18:41:34,Ok,false,JFaber,black bear,1,,0,,,,false,false,false,11,BCHER,
IMG_0363.JPG,,6.17.20 to 8.7.20,02-Aug-2020,18:41:36,Ok,false,JFaber,black bear,1,,0,,,,false,false,false,11,BCHER,
IMG_0364.JPG,,6.17.20 to 8.7.20,04-Aug-2020,07:52:32,Ok,false,JFaber,bird,1,,0,,,,false,false,false,11,BCHER,
IMG_0365.JPG,,6.17.20 to 8.7.20,04-Aug-2020,07:52:33,Ok,false,JFaber,bird,1,,0,,,,false,false,false,11,BCHER,
IMG_0366.JPG,,6.17.20 to 8.7.20,04-Aug-2020,07:52:34,Ok,false,JFaber,bird,1,,0,,,,false,false,false,11,BCHER,
IMG_0367.JPG,,6.17.20 to 8.7.20,05-Aug-2020,07:41:43,Ok,false,JFaber,,0,,0,,,,false,false,false,11,BCHER,
IMG_0368.JPG,,6.17.20 to 8.7.20,05-Aug-2020,07:41:46,Ok,false,JFaber,,0,,0,,,,false,false,false,11,BCHER,
IMG_0369.JPG,,6.17.20 to 8.7.20,05-Aug-2020,07:41:47,Ok,false,JFaber,,0,,0,,,,false,false,false,11,BCHER,
IMG_0370.JPG,,6.17.20 to 8.7.20,07-Aug-2020,09:20:10,Ok,false,JFaber,human,1,,0,,takedown,,false,false,false,11,BCHER,
IMG_0371.JPG,,6.17.20 to 8.7.20,07-Aug-2020,09:20:13,Ok,false,JFaber,human,1,,0,,takedown,,false,false,false,11,BCHER,
IMG_0372.JPG,,6.17.20 to 8.7.20,07-Aug-2020,09:20:14,Ok,false,JFaber,human,1,,0,,takedown,,false,false,false,11,BCHER,
IMG_0373.JPG,,6.17.20 to 8.7.20,07-Aug-2020,09:20:16,Ok,false,JFaber,human,1,,0,,takedown,,false,false,false,11,BCHER,
IMG_0374.JPG,,6.17.20 to 8.7.20,07-Aug-2020,09:20:18,Ok,false,JFaber,human,1,,0,,takedown,,false,false,false,11,BCHER,
IMG_0375.JPG,,6.17.20 to 8.7.20,07-Aug-2020,09:20:19,Ok,false,JFaber,human,1,,0,,takedown,,false,false,false,11,BCHER,
IMG_0376.JPG,,6.17.20 to 8.7.20,07-Aug-2020,09:20:21,Ok,false,JFaber,human,1,,0,,takedown,,false,false,false,11,BCHER,
IMG_0377.JPG,,6.17.20 to 8.7.20,07-Aug-2020,09:20:24,Ok,false,JFaber,human,1,,0,,takedown,,false,false,false,11,BCHER,
IMG_0378.JPG,,6.17.20 to 8.7.20,07-Aug-2020,09:20:25,Ok,false,JFaber,human,1,,0,,takedown,,false,false,false,11,BCHER,
IMG_0379.JPG,,6.17.20 to 8.7.20,07-Aug-2020,09:20:27,Ok,false,JFaber,human,1,,0,,takedown,,false,false,false,11,BCHER,
IMG_0380.JPG,,6.17.20 to 8.7.20,07-Aug-2020,09:20:30,Ok,false,JFaber,human,1,,0,,takedown,,false,false,false,11,BCHER,
IMG_0381.JPG,,6.17.20 to 8.7.20,07-Aug-2020,09:20:31,Ok,false,JFaber,human,1,,0,,takedown,,false,false,false,11,BCHER,
IMG_0382.JPG,,6.17.20 to 8.7.20,07-Aug-2020,09:20:33,Ok,false,JFaber,human,1,,0,,takedown,,false,false,false,11,BCHER,
IMG_0383.JPG,,6.17.20 to 8.7.20,07-Aug-2020,09:20:35,Ok,false,JFaber,human,1,,0,,takedown,,false,false,false,11,BCHER,
IMG_0384.JPG,,6.17.20 to 8.7.20,07-Aug-2020,09:20:36,Ok,false,JFaber,human,1,,0,,takedown,,false,false,false,11,BCHER,
IMG_0385.JPG,,6.17.20 to 8.7.20,07-Aug-2020,09:20:38,Ok,false,JFaber,human,1,,0,,takedown,,false,false,false,11,BCHER,
IMG_0386.JPG,,6.17.20 to 8.7.20,07-Aug-2020,09:20:40,Ok,false,JFaber,human,1,,0,,takedown,,false,false,false,11,BCHER,
IMG_0387.JPG,,6.17.20 to 8.7.20,07-Aug-2020,09:20:41,Ok,false,JFaber,human,1,,0,,takedown,,false,false,false,11,BCHER,
IMG_0388.JPG,,6.17.20 to 8.7.20,07-Aug-2020,09:20:43,Ok,false,JFaber,human,1,,0,,takedown,,false,false,false,11,BCHER,
IMG_0389.JPG,,6.17.20 to 8.7.20,07-Aug-2020,09:20:45,Ok,false,JFaber,human,1,,0,,takedown,,false,false,false,11,BCHER,
IMG_0390.JPG,,6.17.20 to 8.7.20,07-Aug-2020,09:20:46,Ok,false,JFaber,human,1,,0,,takedown,,false,false,false,11,BCHER,
IMG_0391.JPG,,6.17.20 to 8.7.20,07-Aug-2020,09:20:47,Ok,false,JFaber,human,1,,0,,takedown,,false,false,false,11,BCHER,
IMG_0392.JPG,,6.17.20 to 8.7.20,07-Aug-2020,09:20:49,Ok,false,JFaber,human,1,,0,,takedown,,false,false,false,11,BCHER,
IMG_0393.JPG,,6.17.20 to 8.7.20,07-Aug-2020,09:20:50,Ok,false,JFaber,human,1,,0,,takedown,,false,false,false,11,BCHER,
IMG_0394.JPG,,6.17.20 to 8.7.20,07-Aug-2020,09:20:52,Ok,false,JFaber,human,1,,0,,takedown,,false,false,false,11,BCHER,
IMG_0395.JPG,,6.17.20 to 8.7.20,07-Aug-2020,09:20:55,Ok,false,JFaber,human,1,,0,,takedown,,false,false,false,11,BCHER,
IMG_0396.JPG,,6.17.20 to 8.7.20,07-Aug-2020,09:20:59,Ok,false,JFaber,human,1,,0,,takedown,,false,false,false,11,BCHER,
